{"class_name": "Sequential", "config": {"name": "sequential_1", "layers": [{"class_name": "InputLayer", "config": {"batch_input_shape": [null, 224, 224, 3], "dtype": "float32", "sparse": false, "ragged": false, "name": "keras_layer_1_input"}}, {"class_name": "KerasLayer", "config": {"name": "keras_layer_1", "trainable": false, "batch_input_shape": [null, 224, 224, 3], "dtype": "float32", "handle": "https://tfhub.dev/google/tf2-preview/mobilenet_v2/feature_vector/4"}}, {"class_name": "Dense", "config": {"name": "dense", "trainable": true, "dtype": "float32", "units": 34, "activation": "linear", "use_bias": true, "kernel_initializer": {"class_name": "GlorotUniform", "config": {"seed": null}}, "bias_initializer": {"class_name": "Zeros", "config": {}}, "kernel_regularizer": null, "bias_regularizer": null, "activity_regularizer": null, "kernel_constraint": null, "bias_constraint": null}}]}, "keras_version": "2.11.0", "backend": "tensorflow"}